,id,brand,name,price,price_sign,currency,image_link,product_link,website_link,description,rating,category,product_type,tag_list,created_at,updated_at,product_api_url,api_featured_image,product_colors
0,503,physicians formula,Physicians Formula Super BB InstaReady Filter BB Bronzer,19.99,,,"https://d3t32hsnjxo7q6.cloudfront.net/i/870e044cfb1d2b136cec2ce814871191_ra,w158,h184_pa,w158,h184.png",https://well.ca/products/physicians-formula-super-bb_112035.html,https://well.ca,"Featuring InstaFilter Technology, a proprietary blend of mattifying and pore balancing spherical beads, color filter pigments and high-tech polymers that work together to instantly optimize light reflection, blur imperfections and visibly retexturize skin.#SunkissedGlow: Ultra-lightweight, multi-colored bronzer delivers a multi-dimensional glow that captures, diffuses and softens the reflection of light on your skin for the ultimate sunkissed glow. Features:Velvety-soft texture instantly melts into skinContains dial-sphere particles that absorb oil but not moistureCreates a smooth, skin-perfecting radiant tan glowDirections: May be worn alone or over makeup. Lightly brush powder over face and neck for a natural-looking tan glow. To accentuate and contour, apply more over cheekbones. For the most even application, be sure to tap excess powder from brush before applying. Ingredients: Ingredients: Talc, Caprylic/Capric Triglyceride, Mica, Nylon-12, Silica, Calcium Aluminum Borosilicate, Lauroyl Lysine, Dimethicone, Aluminum Chlorohydrate, Fomes Officinalis (Mushroom) Extract, Alumina, Butylene Glycol, Methyl Methacrylate Crosspolymer, PEG-40 Hydrogenated Castor Oil, Tin Oxide, Triethoxycaprylylsilane, Phenoxyethanol, Ethylhexylglycerin, Benzoic Acid, Dehydroacetic Acid ",4.0,,bronzer,"['Gluten Free', 'Natural']",2016-10-01T18:36:23.141Z,2017-12-23T21:08:51.408Z,https://makeup-api.herokuapp.com/api/v1/products/503.json,//s3.amazonaws.com/donovanbailey/products/api_featured_images/000/000/503/original/open-uri20171223-4-mxlhbm?1514063331,"[{'hex_value': '#AD8C79', 'colour_name': None}]"
1,497,physicians formula,Physicians Formula Argan Wear Ultra-Nourishing Argan Oil Bronzer,19.99,,,"https://d3t32hsnjxo7q6.cloudfront.net/i/ad40b33db806e7c0f0edcddf331dc182_ra,w158,h184_pa,w158,h184.jpg",https://well.ca/products/physicians-formula-argan-wear_102669.html,https://well.ca,"Physicians Formula Argan Wear Ultra-Nourishing Argan Oil Bronzer is infused with 100% Pure Argan Oil, known as ""liquid gold"" for its rich conditioning benefits that can improve skin's brightness, tone, texture and elasticity. This magical ingredient from Morocco transforms skin, smoothing the appearance of fine lines, brightening dull skin and renewing suppleness, helping to enhance skin's youthful glow.Features: Exotically scented formula instantly creates a lit-from-within glowHypoallergenicGluten & Paraben freeNon-comedogenicDermatologist approvedDirections: May be worn alone or over makeup.  Lightly brush powder over face and neck for a natural looking tan glow.  For an exotic glow, apply more over cheekbones.  For the most even application, be sure to tap excess powder from brush before applying.Ingredients: Talc, Mica, Isostearyl Neopentanoate, Fragrance, Polybutene, Argania Spinosa (Argan) Kernel Oil, Ascorbyl Palmitate, C12-15 Alkyl Benzoate, Calcium Sodium Borosilicate, Citric Acid, Glyceryl Oleate, Glyceryl Stearate, Isopropyl Isostearate, Lecithin, Tin Oxide, Tocopherol, Tocopheryl Acetate, Caprylyl Glycol, Hexylene Glycol, Phenoxyethanol. May Contain: Iron Oxides, Titanium Dioxide.",,,bronzer,['Gluten Free'],2016-10-01T18:36:17.524Z,2017-12-23T21:08:50.883Z,https://makeup-api.herokuapp.com/api/v1/products/497.json,//s3.amazonaws.com/donovanbailey/products/api_featured_images/000/000/497/original/open-uri20171223-4-106cc2w?1514063330,[]
2,493,physicians formula,Physicians Formula Bronze Booster Glow-Boosting Pressed Bronzer,20.99,,,"https://d3t32hsnjxo7q6.cloudfront.net/i/7b33d70c5494b72f23edf9d07acf599d_ra,w158,h184_pa,w158,h184.jpeg",https://well.ca/products/physicians-formula-bronze-booster_61146.html,https://well.ca,"This bronzer with benefits provides an instant and lasting tan-boost that blends and builds easily to your desired level of bronze. Lightweight powder glides on smoothly for a totally uniform and even, healthy-looking tan glow. Formulated with Glow Activators, an exclusive infusion of vitamins, moisturizers and antioxidants that provide mistake-proof Triple-Action Bronze Boosting.Directions for Use: May be worn alone or over makeup. Lightly brush powder over face and neck for a natural-looking tan glow. To accentuate and contour, apply more over cheekbones. For the most even application, be sure to tap excess powder from brush before applying.Ingredients: Talc, Mica, Nylon-12, Zinc Stearate, Cyclopentasiloxane, Dimethicone, Diisostearyl Malate, Octyldodecyl Stearoyl Stearate, Dehydroacetic Acid, Inositol, Lauroyl Lysine, Macuna Pruriens Seed Extract, Maltodextrin, Phospholipids, Silica, Sorbic Acid, Sorbitan Sesquioleate, Ascorbic Acid, Tocopherol, Tocopheryl Acetate, Methylparaben, Propylparaben, May Contain: Iron Oxides, Titanium Dioxide, Ultramarines.* Stain-Free. Streak-Free. Orange-Free. Odour-Free.",4.7,,bronzer,[],2016-10-01T18:36:11.083Z,2017-12-23T21:08:50.263Z,https://makeup-api.herokuapp.com/api/v1/products/493.json,//s3.amazonaws.com/donovanbailey/products/api_featured_images/000/000/493/original/open-uri20171223-4-hiqirv?1514063330,"[{'hex_value': '#CFA17F', 'colour_name': 'Light to Medium (1134C)  '}, {'hex_value': '#AF816A', 'colour_name': 'Medium to Dark (1135C) '}]"
3,487,physicians formula,Physicians Formula Bronze Booster Airbrushing Bronzing Veil ,19.99,,,"https://d3t32hsnjxo7q6.cloudfront.net/i/8969af04326145997e95fe8f91e2c88e_ra,w158,h184_pa,w158,h184.jpeg",https://well.ca/products/physicians-formula-bronze-booster_70977.html,https://well.ca,"Physicians Formula Bronze Booster Airbrushing Bronzing Veil  is a Bronzer with Benefits!  Revolutionary Italian technology 
combines the best features of powder, baked and cream bronzers for the 
most stunning bronze glow.  Delivers a skin-perfecting finish unlike any
 other bronzer, Physicians Formula had to call it ""Deluxe""!  
 Glow Activator Technology provides Triple-Action Bronze Boosting that 
helps to enhance and extend the life of your tan glow and improve skin’s
 clarity and radiance.Directions: May be worn alone or over makeup. Lightly brush veil over face and neck 
for a natural looking tan glow.  To accentuate and contour apply more 
over cheekbones. For the most even application, be sure to tap excess 
powder from brush before applying.Ingredients: Synthetic Fluorphlogopite, HDI/Trimethylol Hexyllactone Crosspolymer, 
Cetearyl Ethylhexanoate, Glycerin,  Squalane, Dicalcium Phosphate, 
Octyldodecyl Stearoyl Stearate, Caprylyl Glycol, Ethylhexylglycerin, 
Polysorbate 80, 1,2-Hexanediol, PTFE, Dimethicone, Silica, 
Pentaerythrityl Tetra-di-t-butyl Hydroxyhydrocinnamate, Chondrus 
Crispus, Xanthan Gum, Zinc Stearate, Lauroyl Lysine, Cimicifuga Racemosa
 Root Extract, Ascorbyl Palmitate, Inositol, Tocopherol. May Contain: 
Iron Oxides, Mica, Titanium Dioxide.Hypoallergenic. Fragrance-Free. Paraben-Free. Gluten Free.  Oil Free. Dermatologist approved.  ",5.0,,bronzer,['Gluten Free'],2016-10-01T18:36:04.559Z,2017-12-23T21:08:49.806Z,https://makeup-api.herokuapp.com/api/v1/products/487.json,//s3.amazonaws.com/donovanbailey/products/api_featured_images/000/000/487/original/open-uri20171223-4-a8m110?1514063329,"[{'hex_value': '#e0a576', 'colour_name': 'Light to Medium (7853C) '}]"
4,484,physicians formula,Physicians Formula Organic Wear 100% Natural Origin Bronzer ,21.99,,,"https://d3t32hsnjxo7q6.cloudfront.net/i/9b404b7840f4f3a78426c166aa584216_ra,w158,h184_pa,w158,h184.jpeg",https://well.ca/products/physicians-formula-organic-wear-100_12031.html,https://well.ca,"Physicians Formula Organic Wear 100% Natural Origin Bronzer is made of 
the finest Italian powder which delivers a buildable natural tan glow.Two shades blend together for the most natural finish. A 100% natural origin bronzer, formulated with 15% certified organic 
ingredients, including jojoba seed oil and corn starch to moisturize and
 mattify the skin. Includes mirror and natural goat hair brush. Directions: May
 be worn alone or over makeup. Lightly brush powder over face and neck 
for a natural-looking tan glow. For the most even application, be sure 
to tap excess powder from brush before applying. For best results on dry
 to very dry skin, apply moisturizer prior to using powder.Ingredients: MICA, SIMMONDSIA CHINENSIS (JOJOBA) SEED OIL*, MAGNESIUM STEARATE, ZEA 
MAYS (CORN) STARCH*, KAOLIN, CALCIUM CARBONATE, ZINC STEARATE, OLEA 
EUROPAEA (OLIVE) FRUIT OIL*, GLYCERIN, GLYCINE SOJA (SOYBEAN) OIL*, 
GLYCERYL CAPRYLATE, CINNAMIC ACID, SODIUM LEVULINATE, TOCOPHEROL, WATER.
  MAY CONTAIN: IRON OXIDES, TITANIUM DIOXIDE, ULTRAMARINES.  *PRODUCED 
FROM ORGANIC FARMING.100% Free of Harsh Chemicals. 100% Free of Synthetic Preservatives. 100%
 Free of Parabens.  100% Free of GMO's. 100% Free of Synthetic Colors. 
100% Free of Synthetic Fragrances. 100% Cruelty Free.",2.5,,bronzer,"['Gluten Free', 'Natural']",2016-10-01T18:35:59.720Z,2017-12-23T21:08:49.508Z,https://makeup-api.herokuapp.com/api/v1/products/484.json,//s3.amazonaws.com/donovanbailey/products/api_featured_images/000/000/484/original/open-uri20171223-4-dzkokg?1514063329,"[{'hex_value': '#B38864', 'colour_name': 'Medium'}, {'hex_value': '#BA9569', 'colour_name': 'Light'}]"
5,479,physicians formula,Physicians Formula Bronze Booster Glow-Boosting BB Cream,19.99,,,"https://d3t32hsnjxo7q6.cloudfront.net/i/7a965c3cfc7955d4e156a88f87950168_ra,w158,h184_pa,w158,h184.jpeg",https://well.ca/products/physicians-formula-bronze-booster_90009.html?cat=328,https://well.ca,"Physicians Formula Bronze Booster Glow-Boosting BB Cream combines the best features of a BB Cream with the glowing finish of a bronzer. Weightless BB Cream formula delivers makeup + skincare performance, instantly absorbing into skin, while leaving behind a smooth, even and natural sunkissed glow.Hypoallergenic. Paraben-Free. Gluten Free. Oil Free. Fragrance Free. Non-Comedogenic. Dermatologist approved. ",4.0,,bronzer,['Gluten Free'],2016-10-01T18:35:45.848Z,2017-12-23T21:08:48.712Z,https://makeup-api.herokuapp.com/api/v1/products/479.json,//s3.amazonaws.com/donovanbailey/products/api_featured_images/000/000/479/original/data?1514063328,[]
6,462,physicians formula,Physicians Formula Nude Wear Touch of Glow Palette in Light,19.99,,,"https://d3t32hsnjxo7q6.cloudfront.net/i/490e2f5a880ab9d39c44876a0ea89f44_ra,w158,h184_pa,w158,h184.jpg",https://well.ca/products/physicians-formula-nude-wear-touch_102684.html?cat=328,https://well.ca,"
Physicians Formula Nude Wear Touch of Glow Palette is an all in 1 palette can be used as an all-over illuminating powder, as a bronzer, as a blush or as a highlighter. Features: Micro-fine iridescent Mother of Pearl pigments bathe skin in the perfect balance of transparent and pearlescent shimmerHypoallergenicFragrance, Gluten & Paraben freeNon-comedogenicDermatologist approvedDirections: May be worn alone or over makeup.  Blend all shades together and apply evenly over face and neck to even out skin tone.  Apply lightest shade to highlight.  Powder shade to even out skin tone, darkest shade as bronzer and blush shade to accentuate cheeks.Ingredients: Mica, Ethylhexyl Palmitate, Polybutene, Water, Kaolin, Diisostearyl Malate, Ethylhexyl Isononanoate, Mother of Pearl Powder, Nylon-12, Octyldodecyl Stearoyl Stearate, Calcium Aluminum Borosilicate, Boron Nitride, Lactic Acid, Magnesium Stearate, Synthetic Fluorphlogopite, Synthetic Wax, Tetrahexyldecyl Ascorbate, Tin Oxide, Tropaeolum Majus Flower/Stem/Leaf Extract, Ethylhexylglycerin, Phenoxyethanol. May Contain: Titanium Dioxide, Iron Oxides, Red 30, Red 40 Lake.",3.8,,bronzer,['Gluten Free'],2016-10-01T18:35:21.503Z,2017-12-23T21:08:50.391Z,https://makeup-api.herokuapp.com/api/v1/products/462.json,//s3.amazonaws.com/donovanbailey/products/api_featured_images/000/000/462/original/open-uri20171223-4-4rpirw?1514063330,[]
7,456,physicians formula,Physicians Formula Nude Wear Glowing Nude Blush,15.99,,,"https://d3t32hsnjxo7q6.cloudfront.net/i/8df6f68abe9f6bf47546254706f54e37_ra,w158,h184_pa,w158,h184.jpeg",https://well.ca/products/physicians-formula-nude-wear-glowing_90087.html,https://well.ca,"This natural, luxurious blush is so lightweight you'll never even feel it. Sheer coverage with a hint of luminosity delivers a lit-from-within blushing glow.Airy formula boosts skins natural luminosity, and allows skin’s natural radiance and color to shine through. A perfect blend of blush and complexion boosting tones brighten and enhance skin tone while adding a touch of naturally radiant color.Hypoallergenic. Fragrance-Free. Gluten Free. Paraben-Free. Non-Comedogenic. Dermatologist approved. ",4.0,powder,blush,['Gluten Free'],2016-10-01T18:35:13.466Z,2017-12-23T20:51:32.291Z,https://makeup-api.herokuapp.com/api/v1/products/456.json,//s3.amazonaws.com/donovanbailey/products/api_featured_images/000/000/456/original/open-uri20171223-4-c79x3p?1514062292,[]
8,451,physicians formula,Physicians Formula Nude Wear Glowing Nude Blush ,15.99,,,"https://d3t32hsnjxo7q6.cloudfront.net/i/f315b0da1a165666f67a8755c6f105ec_ra,w158,h184_pa,w158,h184.jpeg",https://well.ca/products/physicians-formula-nude-wear-glowing_90088.html,https://well.ca,"This natural, luxurious blush is so lightweight you'll never even feel 
it. Sheer coverage with a hint of luminosity delivers a lit-from-within 
blushing glow.Airy formula boosts skins natural luminosity, and allows skin’s natural radiance and color to shine through. A
 perfect blend of blush and complexion boosting tones brighten and 
enhance skin tone while adding a touch of naturally radiant color.Hypoallergenic. Fragrance-Free. Gluten Free. Paraben-Free. Non-Comedogenic. Dermatologist approved. ",4.0,powder,blush,['Gluten Free'],2016-10-01T18:35:06.089Z,2017-12-23T21:08:45.444Z,https://makeup-api.herokuapp.com/api/v1/products/451.json,//s3.amazonaws.com/donovanbailey/products/api_featured_images/000/000/451/original/open-uri20171223-4-1nhe8k?1514063325,[]
9,446,physicians formula,Physicians Formula Happy Booster Glow & Mood Boosting Blush,15.99,,,"https://d3t32hsnjxo7q6.cloudfront.net/i/cd18303ddee33a8e03e0ad53f51e38f1_ra,w158,h184_pa,w158,h184.jpeg",https://well.ca/products/physicians-formula-happy-booster_61134.html,https://well.ca,"Physicians Formula Happy Booster™ Glow & Mood Boosting Blush ultra-soft and blendable blushing powder features a fresh and vibrant mix of blushing tones infused with a pop of colour to create a healthy glow. Multi-reflective pearls provide a soft iridescence to highlight contour and add radiance to cheeks. Infused with our Happy Boost Blend, featuring Happy Skin and Euphoryl, natural plant extracts which have been shown to promote a feeling of happiness by mimicking the effect of Endorphins and helping protect the skin from environmental stress. The sweet scent of Violet provides a feeling of joy each time you apply!Directions for Use: Using a soft powder brush, sweep over entire palette to evenly blend colors. Tap excess powder from brush before applying. Brush over cheeks to define and contour or apply right below cheekbones for a more defined dramatic look.Ingredients: Talc. Zea Mays (Corn) Starch. Dimethicone. Octyldodecyl Stearoyl Stearate. Zinc Stearate. Pentaerythrityl Tetraisostearate. Astrocaryum Murumuru Seed Butter. Helianthus Annuus (Sunflower) Seed Oil. Lecithin. Phytosteryl Canolate. Plukenetia Volubilis Seed Oil. Rhodiola Rosea Root Extract. Rosmarinus Officinalis (Rosemary) Leaf Extract. Theobroma Grandiflorum Seed Butter. Schinus Terebinthifolius Seed Extract. Palm Alcohol. Phenoxyethanol. Potassium Sorbate. Fragrance. May Contain: Carmine. Iron Oxides. Manganese Violet. Mica. Red 6. Red 7 Lake. Red 28 Lake. Red 30 Lake. Titanium Dioxide. Ultramarines. Yellow 5 Lake.Hypoallergenic. Non-comedogenic. Paraben-free. Dermatologist approved.​",4.7,powder,blush,['Gluten Free'],2016-10-01T18:34:58.233Z,2017-12-23T21:08:46.094Z,https://makeup-api.herokuapp.com/api/v1/products/446.json,//s3.amazonaws.com/donovanbailey/products/api_featured_images/000/000/446/original/data?1514063326,[]
10,444,physicians formula,Physicians Formula Mineral Wear Airbrushing Blush,15.49,,,"https://d3t32hsnjxo7q6.cloudfront.net/i/e096eb4264561b76a90a9a2bfb6cfca2_ra,w158,h184_pa,w158,h184.jpeg",https://well.ca/products/physicians-formula-mineral-wear_70987.html,https://well.ca,"Physicians Formula Mineral Wear Airbrushing Blush is an ultra-fine mineral blush delivers a radiant pop of color with a flawless airbrushed finish.Directions: Buff on blush over cheekbones to define and contour or apply right below
 cheekbones for amore defined and dramatic look. For the most even 
application, be sure to tap excess powder from brush before applying.Ingredients: Mica, Boron Nitride, Zinc Stearate, Lauroyl Lysine, Tricaprylin, 
Magnesium Silicate, Camellia Oleifera Leaf Extract, Chamomilla Recutita 
(Matricaria) Flower Extract, Ginkgo Biloba Leaf Extract, Panax Ginseng 
Root Extract, Carthamus Tinctorius (Safflower) Seed Oil, Tocopheryl 
Acetate, Retinyl Palmitate, Ascorbyl Palmitate, Chlorphenesin, Potassium
 Sorbate, Sodium Dehydroacetate, May Contain: Iron Oxides, Titanium 
Dioxide, Zinc OxideHypoallergenic. Fragrance-Free. Paraben-Free. Gluten Free.  Dermatologist approved. Non-Comedogenic.",4.8,powder,blush,['Gluten Free'],2016-10-01T18:34:53.304Z,2017-12-23T21:08:45.797Z,https://makeup-api.herokuapp.com/api/v1/products/444.json,//s3.amazonaws.com/donovanbailey/products/api_featured_images/000/000/444/original/open-uri20171223-4-20adlg?1514063325,"[{'hex_value': '#e19792', 'colour_name': 'Natural (7859C) '}, {'hex_value': '#faaab5', 'colour_name': 'Rose (7860C) '}]"
11,442,physicians formula,Physicians Formula Happy Booster Glow & Mood Boosting Powder,19.99,,,"https://d3t32hsnjxo7q6.cloudfront.net/i/f79082caeb5359d5927f1a4a0aecf3b8_ra,w158,h184_pa,w158,h184.jpeg",https://well.ca/products/physicians-formula-happy-booster_61125.html,https://well.ca,"Physicians Formula Happy Booster™ Glow & Mood Boosting Powder is an ultra-smooth, perfecting powder in a complementary palette of colour. It blends together to even out skin tone with a flawless radiance. Vibrant pink heart gives cheeks a healthy pop of colour. Infused with our Happy Boost Blend, featuring Happy Skin and Euphoryl, natural plant extracts which have been shown to promote a feeling of happiness by mimicking the effect of Endorphins and helping protect the skin from environmental stress. The sweet scent of Violet provides a feeling of joy each time you apply.Directions for Use: May be worn alone or over makeup. Blend all shades together and brush on powder evenly over face and neck to even out skin tone with a happy glow. For an extra pop of color, sweep brush over the pink heart and apply on cheeks. For best results on dry to very dry skin, apply moisturizer prior to using powder.Ingredients: Talc. Zea Mays (Corn) Starch. Dimethicone. Octyldodecyl Stearoyl Stearate. Pentaerythrityl Tetraisostearate. Astrocaryum Murumuru Seed Butter. Helianthus Annuus (Sunflower) Seed Oil. Lecithin. Phytosteryl Canolate. Plukenetia Volubilis Seed Oil. Rhodiola Rosea Root Extract. Rosmarinus Officinalis (Rosemary) Leaf Extract. Theobroma Grandiflorum Seed Butter. Schinus Terebinthifolius Seed Extract. Palm Alcohol. Phenoxyethanol. Potassium Sorbate. Fragrance. May Contain: Carmine. Iron Oxides. Manganese Violet. Mica. Red 6. Red 7 Lake. Red 28 Lake. Red 30 Lake. Titanium Dioxide. Ultramarines. Yellow 5 Lake.Hypoallergenic. Paraben free. Dermatologist approved. Non-Comedogenic.",4.8,powder,blush,['Gluten Free'],2016-10-01T18:34:50.790Z,2017-12-23T21:08:45.578Z,https://makeup-api.herokuapp.com/api/v1/products/442.json,//s3.amazonaws.com/donovanbailey/products/api_featured_images/000/000/442/original/open-uri20171223-4-dmq85z?1514063325,[]
12,438,physicians formula,Physicians Formula Organic Wear Bronzer & Blush,21.99,,,"https://d3t32hsnjxo7q6.cloudfront.net/i/57664a83a5b141160e76968fe51b51a7_ra,w158,h184_pa,w158,h184.jpeg",https://well.ca/products/physicians-formula-organic-wear_11977.html,https://well.ca,"Physicians Formula Organic Wear 100% Natural Origin Bronzer and Blush is an easy-to-use 2-in-1 bronzer and blush that allows shades to be used individually or layered for the ultimate sunkissed, natural-looking finish.Bronzer adds warmth and depth for a naturally tan glow while blush naturally enhances and accentuates cheeks for a radiant glow.Directions for Use: May be worn alone or over makeup. Lightly brush bronzer over face and neck for a natural-looking tan glow. Sweep blush over cheekbones to define and contour or apply right below cheekbones for a more defined and dramatic look. Layer blush on top of bronzer for the ultimate effect. For the most even application, be sure to tap excess powder from brush before applying. For best results on dry to very dry skin, apply moisturizer prior to using powder.Ingredients: Mica, Zea Mays (Corn Starch)*, Octyldodecyl Stearoyl Stearate, Kaolin, Olea Europaea (Olive) Fruit Oil*, Simmondsia Chinensis (Jojoba) Seed Oil*, Glyceryl Caprylate, Glycine Soja (Soybean) Oil*, Vitis Vinifera (Grape) Seed Oil*, Oryza Sativa (Rice) Hull Powder, Bambusa Arundinacea Stem Powder, Cinnamic Acid, Tocopheryl Acetate. May Contain: Titanium Dioxide, Iron Oxides, Manganese Violet, Ultramarines.100% Free of Harsh Chemicals. 100% Free of Synthetic Preservatives. 100% Free of Parabens. 100% Free of GMO's. 100% Free of Synthetic Colors. 100% Free of Synthetic Fragrances. 100% Cruelty Free.",4.9,,bronzer,"['Gluten Free', 'Natural']",2016-10-01T18:34:45.305Z,2017-12-23T21:08:48.996Z,https://makeup-api.herokuapp.com/api/v1/products/438.json,//s3.amazonaws.com/donovanbailey/products/api_featured_images/000/000/438/original/open-uri20171223-4-1r9v0h0?1514063328,"[{'hex_value': '#C08879', 'colour_name': None}, {'hex_value': '#C3A17C', 'colour_name': None}]"
13,429,physicians formula,Physicians Formula Argan Wear Ultra-Nourishing Argan Oil Blush in Rose,15.99,,,"https://d3t32hsnjxo7q6.cloudfront.net/i/7c674b3490001af91546b73c5fc45f94_ra,w158,h184_pa,w158,h184.jpg",https://well.ca/products/physicians-formula-argan-wear_102667.html,https://well.ca,"Physicians Formula Argan Wear Ultra-Nourishing Argan Oil Blush is an exotic blush infused with 100% Pure Argan Oil.Features: Argan
 oil that help transform skin, smoothing fine lines, brightening dull 
skin and renewing suppleness, helping to enhance skin's youthful glowHypoallergenicGluten & Paraben freeNon-comedogenicDermatologist approvedDirections: Sweep
 brush over entire palette to evenly blend colors.  Tap excess powder 
from brush before applying.  Brush over cheekbones to define and contour
 or apply right below cheekbones for a more defined and dramatic look.Ingredients: Talc,
 Mica, Isostearyl Neopentanoate, Argania Spinosa (Argan) Kernel Oil, 
Polybutene, Ascorbyl Palmitate, C12-15 Alkyl Benzoate, Calcium Sodium 
Borosilicate, Citric Acid, Fragrance, Glyceryl Oleate, Glyceryl 
Stearate, Isopropyl Isostearate, Lecithin, Tin Oxide, Tocopherol, 
Caprylyl Glycol, Hexylene Glycol, Phenoxyethanol. May Contain: Iron 
Oxides, Titanium Dioxide, Red 6, Red 7, Ultramarines, Yellow 5 Lake.",5.0,powder,blush,['Gluten Free'],2016-10-01T18:34:34.231Z,2017-12-23T21:08:43.426Z,https://makeup-api.herokuapp.com/api/v1/products/429.json,//s3.amazonaws.com/donovanbailey/products/api_featured_images/000/000/429/original/open-uri20171223-4-156cku8?1514063323,[]
14,415,physicians formula,Physicians Formula Super BB All-in-1 Beauty Balm Cheek & Lip in Berry Pink,8.99,,,"https://d3t32hsnjxo7q6.cloudfront.net/i/468d19513d1f01f1e59806ccdd4222fe_ra,w158,h184_pa,w158,h184.jpg",https://well.ca/products/physicians-formula-super-bb-all-in-1_102736.html,https://well.ca,"Physicians Formula Super BB All-in-1 Beauty Balm Cheek & Lip in Berry Pink is a great mulch-purpose product to pop into your purse. Features: HypoallergenicParaben, Gluten & Fragrance freeNon-comedogenicDermatologist approvedDirections: Apply desired amount to cheeks & lips and blend with fingertip or brush.  Reapply as needed.Ingredients: Caprylic/Capric Triglyceride, Polyethylene, Silica, Dimethicone, Hydrogenated Polyisobutene, Phenylpropyldimethylsiloxysilicate, Octyldodecanol, Euphorbia Cerifera (Candelilla) Wax, Hydrogenated Coco-Glycerides, Propylene Glycol Ricinoleate, Copernicia Cerifera (Carnauba) Wax, Mica, Calcium Aluminum Borosilicate, Flavor, Perilla Ocymoides Seed Oil, Salix Alba (Willow) Bark Extract, BHT, Glycerin, Lysolecithin, Polysilicone-11, Tin Oxide, Tocopheryl Acetate, Triethoxycaprylylsilane, Water, Phenoxyethanol. May Contain: Titanium Dioxide, Orange 5 Lake, Red 6 Lake, Red 7 Lake, Red 28 Lake, Red 30 Lake.",4.0,cream,blush,['Gluten Free'],2016-10-01T18:34:18.458Z,2017-12-23T21:08:40.580Z,https://makeup-api.herokuapp.com/api/v1/products/415.json,//s3.amazonaws.com/donovanbailey/products/api_featured_images/000/000/415/original/data?1514063320,[]
15,388,physicians formula,Physicians Formula Super BB All-in-1 Beauty Balm Stick,12.99,,,"https://d3t32hsnjxo7q6.cloudfront.net/i/4d7d79376ed827d7e587d849e16f2136_ra,w158,h184_pa,w158,h184.jpg",https://well.ca/products/physicians-formula-super-bb-all-in-1_102737.html?cat=581,https://well.ca,"Physicians Formula Super BB All-in-1 Beauty Balm Stick is a concealer, and foundation touch up tool. It's ideal for perfecting, concealing, smoothing, brightening, moisturizing, protecting, firming, priming+filling and line softening.Features: HypoallergenicParaben, gluten and fragrance freeNon comedogenicDermatologist approvedDirections: Apply the stick directly onto face starting at the center and blending outward using fingertips.  Layer for additional coverage.Ingredients: Phenyl Trimethicone, Dimethicone, Caprylic/Capric Triglyceride, Isocetyl Stearate, Euphorbia Cerifera (Candelilla) Wax, Mica, Microcrystalline Wax, Cetyl Ethylhexanoate, Polymethylsilsesquioxane, Copernicia Cerifera (Carnauba) Wax, Butyrospermum Parkii (Shea) Butter, Ethylhexyl Palmitate, Synthetic Beeswax, Calcium Aluminum Borosilicate, Phenoxyethanol, Salix Alba (Willow) Bark Extract, Perilla Ocymoides Seed Oil, Ascorbyl Palmitate, Tetrahexyldecyl Ascorbate, Tocopheryl Acetate, Arachidyl Alcohol, BHT, Castor Oil Phosphate, Cetyl PEG/PPG-101-10/1 Dimethicone, Glycerin, HDI/Trimethylol Hexyllactone Crosspolymer, Hexyl Laurate, Lysolecithin, Ozokerite, Palmitic Acid, Polyglyceryl-2 Isostearate, Silica, Stearic Acid, Triethoxycaprylylsilane, Water. May Contain: Iron Oxides, Titanium Dioxide.",2.5,cream,foundation,['Gluten Free'],2016-10-01T18:33:25.085Z,2017-12-23T21:08:36.185Z,https://makeup-api.herokuapp.com/api/v1/products/388.json,//s3.amazonaws.com/donovanbailey/products/api_featured_images/000/000/388/original/data?1514063316,"[{'hex_value': '#fbd0bd', 'colour_name': 'Light '}, {'hex_value': '#f4c1a4', 'colour_name': 'Light / Medium '}]"
16,387,physicians formula,Physicians Formula Nude Wear Touch of Glow Stick in Nude Glow,12.99,,,"https://d3t32hsnjxo7q6.cloudfront.net/i/2f58780bf027e35f8f354a8f9b7acc3e_ra,w158,h184_pa,w158,h184.jpg",https://well.ca/products/physicians-formula-nude-wear-touch_102685.html,https://well.ca,"
Physicians Formula Nude Wear Touch of Glow Stick is an all-around concealer, foundation, and highlighter touch up tool. The lightweight, glide on formula helps erase the appearance of imperfections and restore the glow of natural, naked skin.Features: Vanishes dark circles, fine lines, shadows and signs of fatigueHypoallergenicGluten, Fragrance, Paraben & Oil freeDermatologist approvedDirections: Apply all over face or to any imperfection and gently blend with fingertip to even out skin tone.Ingredients: Phenyl Trimethicone, Dimethicone, Caprylic/Capric Triglyceride, Isocetyl Stearate, Euphorbia Cerifera (Candelilla) Wax/Cire de Candelilla, Mica, Microcrystalline Wax/Cire Microcristalline, Ceryl Ethylhexanoate, Polymethylsilsesquioxane, Butryospermum Parkii (Shea) Butter, Copernicia Cerifera (Carnauba) Wax/Cire de Carnauba, Synthetic Beeswax, Ethylhexyl Palmitate, Calcium Aluminum Borosilicate, Phenoxyethanol, Lactic Acid, Nylon-12, HDI/Trimethylol Hexyllactone Crosspolymer, Lauroyl Lysine, Synthetic Fluorphlogopite, Boron Nitride, Silica, Arachidyl Alcohol, Cetyl PEG/PPG-10/1 Dimethicone, Hexyl Laurate, Ozokerite, Palmitic Acid, Polyglyceryl-2 Isostearate, Stearic Acid, BHT, Ascorbyl Palmitate, Tetrahexyldecyl Ascorbate,  Tocopherol Acetate. May Contain/Peut Contenir: Iron Oxides, Titanium Dioxide.",4.0,cream,foundation,['Gluten Free'],2016-10-01T18:33:21.967Z,2017-12-23T21:08:36.063Z,https://makeup-api.herokuapp.com/api/v1/products/387.json,//s3.amazonaws.com/donovanbailey/products/api_featured_images/000/000/387/original/data?1514063316,[]
17,374,physicians formula,Physicians Formula Mineral Wear Talc-Free All-In-One ABC Cushion Foundation,20.49,,,"https://d3t32hsnjxo7q6.cloudfront.net/i/3c711478d1b8a9f1c7d9f2c1cdffdb41_ra,w158,h184_pa,w158,h184.png",https://well.ca/products/physicians-formula-mineral-wear_112333.html,https://well.ca,"1st Ever Mineral ABC Cushion Foundation! Weightless mineral formula provides the multi-tasking benefits of an alphabet cream with the gentle, flawless, skin-perfecting effects of minerals. Revolutionary cushion foundation instantly corrects visible imperfections, blurs fine lines and pores with a perfected airbrushed finish.ABC Cushion Technology: Ultra-fluid, lightweight formula delivers an instantly smoothing & firming effect, while hydrating skin for effortless perfection. Unique cushion sponge delivery system dispenses the perfect dose. Each tap delivers customizable light to medium coverage.Features:Featuring a proprietary ABC blend of complexion enhancing minerals, soothing plant extracts, smoothing antioxidants and skin nourishing vitamins for moisturizing & brightening benefits that leave skin with a luminous finishLuxurious puff applicator provides a cooling & skin refreshing finish upon applicationUltra-convenient for on-the-go!Directions: Apply pressure onto cushion with puff applicator to release the perfect dose of foundation for customizable light to medium coverage. Gently pat puff onto skin. Flip cushion for extended foundation usage. Close inner lid tightly to prevent product from drying out. Ingredients: Mineral Water, Ethyl Macadamiate, Cyclopentasiloxane, Dimethicone, Zinc Oxide, Cyclohexasiloxane, Cetyl PEG/PPG-10/1 Dimethicone, Butylene Glycol, Mica, Calcium Aluminum Borosilicate, Polyethylene, Polyglyceryl-4 Isostearate, Water/Eau, PEG/PPG-18/18 Dimethicone, Smithsonite Extract, Malachite Extract, Rhodochrosite Extract, Glycyrrhiza Glabra (Licorice) Root Extract, Retinyl Palmitate, Alpha-Arbutin, Helianthus Annuus (Sunflower) Seed Oil, Glycerin, Ethylhexylglycerin, Tocopheryl Acetate, Tetrahexyldecyl Ascorbate, Tocopherol, Aluminum Hydroxide, Alumina, Dimethicone/Methicone Copolymer, Dimethicone/PEG-10/15 Crosspolymer, Disodium Cocoyl Glutamate, Disodium EDTA, Dimethicone/Polyglycerin-3 Crosspolymer, Hexyl Laurate, Magnesium Sulfate, Malic Acid, Polysorbate 20, Sodium Chloride, Sodium Cocoyl Glutamate, Synthetic Fluorphlogopite, Sodium Citrate, Trimethylsiloxysilicate, Triethoxycaprylylsilane, PEG-32, PEG-10 Dimethicone, Silica, Hexylene Glycol, Dipropylene Glycol, Caprylyl Glycol, Phenoxyethanol ",4.0,mineral,foundation,"['Gluten Free', 'Natural']",2016-10-01T18:32:55.338Z,2017-12-23T21:08:31.670Z,https://makeup-api.herokuapp.com/api/v1/products/374.json,//s3.amazonaws.com/donovanbailey/products/api_featured_images/000/000/374/original/open-uri20171223-4-dmlykh?1514063311,"[{'hex_value': '#F1CEAF', 'colour_name': 'Light  '}, {'hex_value': '#E1AF7E', 'colour_name': 'Light/Medium '}, {'hex_value': '#C18D5C', 'colour_name': 'Medium  '}]"
18,370,physicians formula,Physicians Formula Mineral Wear Flawless Complexion Kit ,29.99,,,"https://d3t32hsnjxo7q6.cloudfront.net/i/c150e6cb030d8b4c8c63a12e6e599332_ra,w158,h184_pa,w158,h184.jpeg",https://well.ca/products/physicians-formula-mineral-wear_58605.html?cat=1977,https://well.ca,"Physicians Formula Mineral Wear Flawless Complexion Kit is ideal for extra sensitive or breakout-prone skin! The ultra-gentle, minimalist formulations help reduce irritation and breakout.Kit Includes: Physicians Formula Mineral Wear Talc-Free Mineral Blush (5.5 g) Mineral Wear Talc-Free Mineral Face Powder 				(9 g)Mineral Wear Talc-Free Matte Finishing Veil (16.5 g) - Translucent",4.8,powder,blush,['Gluten Free'],2016-10-01T18:32:48.923Z,2017-12-23T21:08:30.276Z,https://makeup-api.herokuapp.com/api/v1/products/370.json,//s3.amazonaws.com/donovanbailey/products/api_featured_images/000/000/370/original/open-uri20171223-4-ev2twx?1514063310,[]
19,369,physicians formula,Physicians Formula Mineral Wear Correcting Kit ,29.99,,,"https://d3t32hsnjxo7q6.cloudfront.net/i/83eaa459937a099c51594ef9578b3821_ra,w158,h184_pa,w158,h184.jpeg",https://well.ca/products/physicians-formula-mineral-wear_58609.html?cat=582,https://well.ca,"Physicians Formula Mineral Wear Flawless Complexion Kit is ideal for 
extra sensitive or breakout-prone skin! The ultra-gentle, minimalist 
formulations help reduce irritation and breakout.Kit Includes: Mineral Wear Talc-Free Mineral Correcting Concealer (11.6 g) - Cover + HighlightMineral Wear Talc-Free Mineral Correcting Powder 				(8.2 g)Mineral Wear Talc-Free Mineral Loose Powder (10 g) ",4.7,mineral,foundation,['Gluten Free'],2016-10-01T18:32:47.547Z,2017-12-23T21:08:30.036Z,https://makeup-api.herokuapp.com/api/v1/products/369.json,//s3.amazonaws.com/donovanbailey/products/api_featured_images/000/000/369/original/open-uri20171223-4-1dnyc8c?1514063310,[]
20,368,physicians formula,Physicians Formula Mineral Wear Airbrushing Pressed Powder ,19.99,,,"https://d3t32hsnjxo7q6.cloudfront.net/i/cca454e907546544ca9b5b183bb8a96c_ra,w158,h184_pa,w158,h184.jpeg",https://well.ca/products/physicians-formula-mineral-wear_58593.html?cat=582,https://well.ca,"Physicians Formula Mineral Wear Airbrushing Pressed Powder's ultra-fine mineral powder delivers impeccable coverage for a flawless airbrushed finish. Visibly reduces the appearance of fine lines, wrinkles, pores and sun damage.Directions for Use: Apply liberally 15 minutes before sun exposure.  Use water resistant 
sunscreen if swimming or sweating.  Reapply at least every 2 hours.  
Children under 6 months: Ask a doctor.  Sun Protection Measures.  
Spending time in the sun increases your risk of skin cancer and early 
skin aging.  To decrease this risk, regularly use a sunscreen with a 
broad spectrum SPF of 15 or higher and other sun protection measures 
including: limit time in the sun, especially 10 a.m. - 2 p.m. Wear 
long-sleeve shirts, pants, hats, and sunglasses.Ingredients: Titanium Dioxide, Zinc Oxide. Inactive Ingredients: Mica, Zinc Stearate,
 Tricaprylin, Boron Nitride, Lauroyl Lysine, Camellia Oleifera Leaf 
Extract, Chamomilla Recutita (Matricaria) Flower Extract, Ginkgo Biloba 
Leaf Extract, Panax Ginseng Root Extract, Carthamus Tinctorius 
(Safflower) Seed Oil, Tocopheryl Acetate, Retinyl Palmitate, Ascorbyl 
Palmitate, Magnesium Silicate, Chlorphenesin, Potassium Sorbate, Sodium 
Dehydroacetate, May Contain: Iron Oxides, Titanium Dioxide.Hypoallergenic. Fragrance free. Paraben free. Non-Comedogenic. Dermatologist approved. ",4.7,mineral,foundation,['Gluten Free'],2016-10-01T18:32:46.151Z,2017-12-23T21:08:29.879Z,https://makeup-api.herokuapp.com/api/v1/products/368.json,//s3.amazonaws.com/donovanbailey/products/api_featured_images/000/000/368/original/open-uri20171223-4-1g1823t?1514063309,"[{'hex_value': '#ffffee', 'colour_name': 'Translucent (7586C) '}, {'hex_value': '#ecc9a3', 'colour_name': 'Creamy Natural (7587C) '}]"
21,365,physicians formula,Physicians Formula Mineral Wear Airbrushing Loose Powder ,14.99,,,"https://d3t32hsnjxo7q6.cloudfront.net/i/9ad93ab35e838c5a1669cc934c6d93b6_ra,w158,h184_pa,w158,h184.jpeg",https://well.ca/products/physicians-formula-mineral-wear_58573.html?cat=582,https://well.ca,"Physicians Formula Talc-Free Mineral Wear Airbrushing Loose Powder is an ultra-fine mineral powder delivers impeccable coverage for a flawless airbrushed finish. Visibly reduces the appearance of fine lines, wrinkles, pores and sun damage. Formulated with soothing plant extracts, protective antioxidants, nourishing Vitamins C and E. The result is a visibly firm, smooth, healthy and youthful complexion.Directions for Use: May be worn alone or over makeup. Invert jar and gently tap to allow 
powder to gather in tray. Open the sifter lid and lightly buff powder 
over face and neck to even out complexion. For the most even 
application, be sure to tap excess powder from brush before applying.  
For best results on dry to very dry skin, apply moisturizer prior to 
using powder.Ingredients: Mica. Boron Nitride. Zinc Stearate. Lauroyl Lysine.  Tricaprylin. 
Magnesium Silicate. Carthamus Tinctorius (Safflower) Seed Oil. 
Chamomilla Recutita (Matricaria) Flower Extract. Panax Ginseng Root 
Extract. Ginkgo Biloba Leaf Extract. Camellia Oleifera Leaf Extract. 
Ascorbyl Palmitate. Tocopheryl Acetate. Retinyl Palmitate. 
Chlorphenesin. Potassium Sorbate. Sodium Dehydroacetate. May Contain: 
Iron Oxides. Titanium Dioxide.Hypoallergenic. Fragrance free. Paraben free. Dermatologist approved. Non-Comedogenic.",4.6,mineral,foundation,['Gluten Free'],2016-10-01T18:32:40.412Z,2017-12-23T21:08:29.446Z,https://makeup-api.herokuapp.com/api/v1/products/365.json,//s3.amazonaws.com/donovanbailey/products/api_featured_images/000/000/365/original/open-uri20171223-4-15ax46q?1514063309,"[{'hex_value': '#f3e2dc', 'colour_name': 'Translucent Light (7314C) '}, {'hex_value': '#fce3d6', 'colour_name': 'Creamy Natural (7315C) '}, {'hex_value': '#f5d6c1', 'colour_name': 'Natural Beige (7316C) '}]"
22,340,physicians formula,Physicians Formula Nude Wear Touch of Glow Foundation,18.49,,,"https://d3t32hsnjxo7q6.cloudfront.net/i/b94e7fe160e5564b9a8282938d3dabae_ra,w158,h184_pa,w158,h184.jpg",https://well.ca/products/physicians-formula-nude-wear-touch_102682.html,https://well.ca,"
Physicians Formula Nude Wear Touch of Glow Foundation is a weightless fluid foundation that dresses your skin in an illuminating veil of radiance.  This airy foundation is formulated with translucent, 100% perfecting nude pigments.Features: HypoallergenicFragrance, Paraben, Gluten & Oil freeNon-ComedogenicDermatologist ApprovedDirections: Shake bottle before each use. Apply foundation directly onto enclosed Perfecting Foundation brush and blend with brush until desired coverage is achieved.Ingredients: Cyclopentasiloxane, Water, Cyclohexasiloxane, Butylene Glycol, Dimethicone, Cetyl PEG/PPG-10/1 Dimethicone, Mica, Silica, Polyglyceryl-4 Isostearate, PEG/PPG-18/18 Dimethicone, Tropaeolum Majus Flower/Leaf/Stem Extract, Lactic Acid, Dimethicone/PEG-10/15 Crosspolymer, PEG-10 Dimethicone, Glycerin, Calcium Aluminum Borosilicate, Sodium Chloride, Nylon-12, Dimethicone/Polyglycerin-3 Crosspolymer, Hexyl Laurate, Tribehenin, Magnesium Sulfate, Polysorbate 20, Synthetic Fluorphlogopite, Disodium Cocoyl Glutamate, Caprylyl Glycol, Ethylhexylglycerin, Hexylene Glycol, Tocopheryl Acetate, Triethoxycaprylylsilane, Sodium Cocoyl Glutamate, Tetrahexyldecyl Ascorbate, Lauroyl Lysine, Dipropylene Glycol, Sodium Citrate, Tocopherol, Phenoxyethanol. May Contain: Iron Oxides, Titanium Dioxide.",4.5,liquid,foundation,['Gluten Free'],2016-10-01T18:31:57.911Z,2017-12-23T21:08:22.947Z,https://makeup-api.herokuapp.com/api/v1/products/340.json,//s3.amazonaws.com/donovanbailey/products/api_featured_images/000/000/340/original/data?1514063302,"[{'hex_value': '#f2d7c2', 'colour_name': 'Light '}]"
23,333,physicians formula,Physicians Formula Youthful Wear Spotless Foundation,18.49,,,"https://d3t32hsnjxo7q6.cloudfront.net/i/99d879544d3e44842f2437e17c9ef52a_ra,w158,h184_pa,w158,h184.jpeg",https://well.ca/products/physicians-formula-youthful-wear_90013.html,https://well.ca,"Physicians Formula Youthful Wear Spotless Foundation is the 1st-to-Market ultra-fluid foundation delivers skin-perfecting coverage, an incredible sensorial experience and a finish so natural, it looks invisible on the skin.The 35% silicone formula creates a revolutionary, weightless liquid veil texture, combining the best of both worlds: flawless, spotless coverage + the feeling you have no makeup on at all.With just one drop, skin is immediately brighter, smoother and more even!Hypoallergenic. Paraben-Free. Gluten Free. Dermatologist approved. Non-Comedogenic. Clinically Tested. ",4.7,liquid,foundation,['Gluten Free'],2016-10-01T18:31:47.887Z,2017-12-23T21:08:21.628Z,https://makeup-api.herokuapp.com/api/v1/products/333.json,//s3.amazonaws.com/donovanbailey/products/api_featured_images/000/000/333/original/data?1514063301,"[{'hex_value': '#F6C9A0', 'colour_name': 'Light (6223C) '}, {'hex_value': '#E4A788', 'colour_name': 'Medium (6224C) '}]"
24,306,physicians formula,Physicians Formula Shimmer Strips Extreme Shimmer Shadow & Liner Palette ,15.79,,,"https://d3t32hsnjxo7q6.cloudfront.net/i/cefc37500e17a39af22b2be42ac00abf_ra,w158,h184_pa,w158,h184.jpg",https://well.ca/products/physicians-formula-shimmer-strips_102731.html,https://well.ca,"This Physicians Formula Shimmer Strips Extreme Shimmer Shadow & Liner Palette gives you 6 shades to enhance and illuminate your eyes for the perfect look!Features: Wet & Dry application for 2 finishesLong wearing, blendable formula for up to 24hr wearHypoallergenicParaben & gluten freeDermatologist approvedSafe for sensitive eyes and contact lens wearerDirections: Sweep medium shade over lid as base.  Apply darkest shade to upper and lower lash line with pointed tip of applicator to line eyes. For added definition, apply darkest shade in the contour of upper eyelid.  To intensify color wet applicator, use lightest shade to highlight brow bone.Ingredients: Mica, Bis-Diglyceryl Polyacyladipate-2, Calcium Aluminum Borosilicate, Caprylic/Capric Triglyceride, Diisostearyl Malate, Silica, Talc, Phenyl Trimethicone, Calcium Sodium Borosilicate, Dimethicone, Boron Nitride, Caprylyl Glycol, Dimethicone/Vinyl Dimethicone Crosspolymer, Ethylhexylglycerin, Magnesium Stearate, Nylon-12, Sodium Dehydroacetate, Synthetic Fluorphlogopite, Tin Oxide, VP/Hexadecene Copolymer. May Contain/Peut Contenir: Iron Oxides, Manganese Violet, Titanium Dioxide.",4.5,palette,eyeshadow,['Gluten Free'],2016-10-01T18:30:54.598Z,2017-12-26T00:33:00.796Z,https://makeup-api.herokuapp.com/api/v1/products/306.json,//s3.amazonaws.com/donovanbailey/products/api_featured_images/000/000/306/original/data?1514063298,[]
25,301,physicians formula,Physicians Formula Shimmer Strips Custom Shadow & Liner ,15.49,,,"https://d3t32hsnjxo7q6.cloudfront.net/i/9cd3466b7ce77448e4fd11338f0d7f20_ra,w158,h184_pa,w158,h184.jpeg",https://well.ca/products/physicians-formula-shimmer-strips_70957.html,https://well.ca,"Physicians Formula Shimmer Strips Custom Shadow & Liner Nude 
Collection: Classic Nude is a modern and versatile palette for nude 
shades.  Modern, ""greige"" shades create a nude look with a classic, cool appeal. 
 Wet & Dry application for two finishes: wet for dramatic, intense 
color with ultra long-lasting wear. Transforms shadow into a liner. Dry 
for a softer result.Directions: To Create the Classic Nude Eye: Sweep medium shade over lid as base. Apply darkest shade to upper & lower lash line with pointed tip 
of applicator to line eyes.  For added definition, apply darkest shade 
in the contour of upper eyelid.  To intensify color, wet applicator.Use lightest shade to highlight brow bone.Ingredients: Mica, Polybutene, Ethylhexyl Palmitate, Butyrospermum Parkii (Shea) Oil,
 Pentaerythrityl Tetraisostearate, Synthetic Wax, Silica, Dimethicone, 
Lauroyl Lysine, Beeswax, Dimethicone/Methicone Copolymer, 
Ethylhexylglycerin, Kaolin, Tocopheryl Acetate, Phenoxyethanol  May 
Contain: Carmine, Ferric Ferrocyanide, Iron Oxides, Manganese Violet, 
Synthetic Fluorphlogopite, Tin Oxide, Titanium Dioxide, Ultramarines, 
Blue 1 Lake, Red 40, Yellow 5 LakeHypoallergenic. Fragrance-free. Paraben-Free. Gluten Free.  
Dermatologist approved. Safe for sensitive eyes and contact lens 
wearers.",5.0,,eyeshadow,['Gluten Free'],2016-10-01T18:30:47.875Z,2017-12-23T21:08:17.334Z,https://makeup-api.herokuapp.com/api/v1/products/301.json,//s3.amazonaws.com/donovanbailey/products/api_featured_images/000/000/301/original/data?1514063297,[]
26,296,physicians formula,Physicians Formula Shimmer Strips All-in-1 Custom Nude Palette ,16.99,,,"https://d3t32hsnjxo7q6.cloudfront.net/i/62ffaaf4299a6b30dc048c689bd064d0_ra,w158,h184_pa,w158,h184.jpeg",https://well.ca/products/physicians-formula-shimmer-strips_89998.html,https://well.ca,"Physicians Formula Shimmer Strips All-in-1 Custom Nude Palette is the must-have nude essentials kit for face and eyes with 12 shades of nude.  Flawless blending, pure color and micro-smooth pearlescent formula makes skin look glowing, radiant and perfected.Directions: Sweep brush over entire palette for an all-over glow. Use each shade individually as eye shadow & eyeliner. See inside compact for endless application possibilities! Hypoallergenic. Paraben-Free. Gluten Free. Non-Comedogenic. Dermatologist approved. Ingredients: Ingredients: Mica, Diisostearyl Malate, Silica, Dimethicone, Dimethicone / Methicone Copolymer, Ethylhexyl Palmitate, Lauroyl Lysine, Methicone, Polybutene, Synthetic Wax, Tin Oxide, Ethylhexylglycerin, Phenoxyethanol. May Contain: Carmine, Iron Oxides, Red 40 Lake, Titanium Dioxide - Sweep
 brush over entire palette for an all-over glow. Use each shade 
indiviually as eye shadow & eyeliner. See inside compact for endless
 application possibilities! - See more at: 
//www.physiciansformula.com/en-us/productdetail/product-lines/shimmer-strips/06240.html#sthash.U35jHbM7.dpuf",5.0,,bronzer,['Gluten Free'],2016-10-01T18:30:38.694Z,2017-12-23T21:08:16.848Z,https://makeup-api.herokuapp.com/api/v1/products/296.json,//s3.amazonaws.com/donovanbailey/products/api_featured_images/000/000/296/original/open-uri20171223-4-1hk1jtx?1514063296,[]
27,277,physicians formula,Physicians Formula Matte Collection Quad Eye Shadow,10.49,,,"https://d3t32hsnjxo7q6.cloudfront.net/i/66d22b6cffd1cc8b2394e41b1c60501f_ra,w158,h184_pa,w158,h184.jpeg",https://well.ca/products/physicians-formula-matte-collection_58064.html,https://well.ca,"Physicians Formula Matte Collection Quad Eye Shadow has a silky smooth formula, is easy to blend and is safe for 
sensitive eyes and contact lens wearers.Directions for Use: These
 natural looking shades can be used independently or combined for a 
total eye focus. Use lighter shades on eyelid and brow bone, medium 
shades on eyelid and
 darker shade in the crease as a contour for a more dramatic effect.    
              Ingredients: TALC,ZINC STEARATE, DIMETHICONE, CAPRYLIC/CAPRIC TRIGLYCERIDE,KAOLIN, 
SILICA, TRISODIUM EDTA, IMIDAZOLIDINYL UREA, 
METHYHLPARABEN,PROPYLPARABEN.MAY CONTAIN: MICA,TITANIUM DIOXIDE,IRON 
OXIDES,CARMINE,MANGANESE VIOLET,BISMUTH OXYCHLORIDE, FERRIC 
FERROCYANIDE, CHROMIUM OXIDE GREENS, ULTRAMARINES, BLUE 1 LAKE, YELLOW 5
 LAKE, SILK POWDER.Hypoallergenic. Fragrance-free. Safe for sensitive eyes and contact lens wearers. Dermatologist Approved. Easy to blend.",4.6,,eyeshadow,['Gluten Free'],2016-10-01T18:30:07.788Z,2017-12-23T21:08:11.874Z,https://makeup-api.herokuapp.com/api/v1/products/277.json,//s3.amazonaws.com/donovanbailey/products/api_featured_images/000/000/277/original/open-uri20171223-4-a17eci?1514063291,[]
28,262,physicians formula,Physicians Formula Shimmer Strips Extreme Shimmer Pencil + Smudger Trio,15.99,,,"https://d3t32hsnjxo7q6.cloudfront.net/i/a08c2b2466bf97e899cfc1445cd6cd9f_ra,w158,h184_pa,w158,h184.png",https://well.ca/products/physicians-formula-shimmer-strips_112259.html,https://well.ca,"
Ultra-shimmery & versatile glitter eyeliner pencils create precise definition or smudged out glamour instantly!Features:Highly-pigmented, creamy color Packed with illuminating shimmer for eyes that sparkleThree Shades: Natural (Bronze), Playful (Gold), Dramatic (Black)Directions: Apply eyeliner at the base of upper and lower lashes.Layer shades together for endless looks. For more defined eyes, apply along lower lash line as well.Ingredients: Ingredients: Hydrogenated Polyisobutene, Calcium Sodium Borosilicate, Calcium Aluminum Borosilicate, Polyethylene Terephthalate, Dipentaerythrityl Hexahydroxystearate/Hexastearate/Hexarosinate, Synthetic Wax, Ethylhexyl Palmitate, Beeswax/Cire d'abeille, Copernicia Cerifera (Carnauba) Wax/Cire de Carnauba, Synthetic Fluorphlogopite, Silica, Ozokerite, Ascorbyl Palmitate, Citric Acid, Lecithin, Polymethyl Methacrylate, Polyurethane-11, Tin Oxide, Tocopherol",,pencil,eyeliner,"['Gluten Free', 'Natural']",2016-10-01T18:29:45.558Z,2017-12-23T21:08:08.553Z,https://makeup-api.herokuapp.com/api/v1/products/262.json,//s3.amazonaws.com/donovanbailey/products/api_featured_images/000/000/262/original/open-uri20171223-4-vppdxb?1514063288,[]
29,259,physicians formula,Physicians Formula Shimmer Strips Extreme Shimmer Eyeliner Trio in Nude ,14.79,,,"https://d3t32hsnjxo7q6.cloudfront.net/i/d64ebc772679cbca5c93fd10cc2f3c56_ra,w158,h184_pa,w158,h184.jpg",https://well.ca/products/physicians-formula-shimmer-strips_102727.html,https://well.ca,"This Physicians Formula Shimmer Strips Extreme Shimmer Eyeliner Trio gives you highly pigmented color and bold shimmer for a glamorous customized look. Features: Long wearing, water resistant and smudge resistant formula for 24hr wearHypoallergenicParaben & gluten freeDermatologist approvedSafe for sensitive eyes and contact lens wearerDirections: Apply eyeliner at the base of upper shade, layer shades for endless looks.Ingredients: Dimethicone, Calcium Aluminum Borosilicate, Polyethylene, Trimethylsiloxysilicate, Synthetic Wax, Squalane, Polybutene, Silica, Disteardimonium Hectorite, Propylene Carbonate, Tin Oxide, Lecithin, Tocopherol, Ascorbyl Palmitate, Citric Acid. May Contain/Peut Contenir: Bismuth Oxychloride, Black 2, Blue 1 Lake, Chromium Hydroxide Green, Chromium Oxide Greens, Carmine, Ferric Ammonium Ferrocyanide, Ferric Ferrocyanide, Iron Oxides, Manganese Violet, Mica, Titanium Dioxide, Ultramarines, Yellow 5 Lake.",,pencil,eyeliner,['Gluten Free'],2016-10-01T18:29:40.955Z,2017-12-23T21:08:04.323Z,https://makeup-api.herokuapp.com/api/v1/products/259.json,//s3.amazonaws.com/donovanbailey/products/api_featured_images/000/000/259/original/data?1514063284,[]
30,243,physicians formula,Physicians Formula Shimmer Strips Eye Enhancing Eyeliner Trio ,14.79,,,"https://d3t32hsnjxo7q6.cloudfront.net/i/b5c7acadc4e472a567e428979d68357c_ra,w158,h184_pa,w158,h184.jpeg",https://well.ca/products/physicians-formula-shimmer-strips_70958.html,https://well.ca,"Warm Nude Eyeliner Trio!  The perfect set of earth tone eyeliners to create a Warm Nude look for ANY eye color! Long-wearing, water-resistant and smudge-resistant formula for 24-Hour wear.Tips and Tricks for a Smoky Eye: Apply Eyeliner at the base of upper and lower lash line. Layer shades together for endless looks!Ingredients: Cyclopentasiloxane. Trimethylsiloxysilicate. Polyethylene. Ozokerite. 
Lauroyl Lysine. Synthetic Beeswax. Octyldodecanol. Disteardimonium 
Hectorite. Propylene Carbonate.  Lecithin. Ascorbyl Palmitate. Citric 
Acid. Tocopherol.  May Contain: Iron Oxides. Titanium Dioxide. Mica. 
Aluminum Powder. Bismuth Oxychloride. Black 2. Blue 1 Lake. Carmine. 
Chromium Hydroxide Green. Chromium Oxide Greens. Ferric Ammonium 
Ferrocyanide. Ferric Ferrocyanide. Manganese Violet. Silica. Tin Oxide. 
Ultramarines. Yellow 5 Lake.Hypoallergenic. Fragrance-free. Paraben-Free. Gluten Free.  
Dermatologist approved. Safe for sensitive eyes and contact lens 
wearers.",5.0,pencil,eyeliner,['Gluten Free'],2016-10-01T18:29:14.986Z,2017-12-23T20:51:33.744Z,https://makeup-api.herokuapp.com/api/v1/products/243.json,//s3.amazonaws.com/donovanbailey/products/api_featured_images/000/000/243/original/data?1514062293,[]
31,238,physicians formula,Physicians Formula Shimmer Strips Eye Enhancing Eyeliner Trio,14.79,,,"https://d3t32hsnjxo7q6.cloudfront.net/i/4ce7e1ce460841dfc5f42c29221cf5c1_ra,w158,h184_pa,w158,h184.jpeg",https://well.ca/products/physicians-formula-shimmer-strips_61188.html,https://well.ca,"Shimmer Strips Custom Eye Enhancing Eyeliner Trio is the perfect set of three eyeliners to enhance your eye colour and provide glamorous definition! Long-wearing, water-resistant and smudge-resistant formula for 24-Hour wear.Directions for Use: Apply eyeliner at the base of upper lashes. Layer shades together for endless looks. For more defined eyes, apply along lower lash line as well.Ingredients: Cyclopentasiloxane. Trimethylsiloxysilicate. Polyethylene. Ozokerite. Lauroyl Lysine. Synthetic Beeswax. Octyldodecanol. Disteardimonium Hectorite. Propylene Carbonate. Lecithin. Ascorbyl Palmitate. Citric Acid. Tocopherol. May Contain: Iron Oxides. Titanium Dioxide. Mica. Aluminum Powder. Bismuth Oxychloride. Black 2. Blue 1 Lake. Carmine. Chromium Hydroxide Green. Chromium Oxide Greens. Ferric Ammonium Ferrocyanide. Ferric Ferrocyanide. Manganese Violet. Silica. Tin Oxide. Ultramarines. Yellow 5 Lake.Hypoallergenic. Fragrance free. Paraben free. Dermatologist approved. Safe for sensitive eyes and contact lens wearers.",5.0,pencil,eyeliner,['Gluten Free'],2016-10-01T18:29:05.433Z,2017-12-23T21:08:04.790Z,https://makeup-api.herokuapp.com/api/v1/products/238.json,//s3.amazonaws.com/donovanbailey/products/api_featured_images/000/000/238/original/data?1514063284,[]
32,197,physicians formula,Physicians Formula Sexy Booster Cat Eye Collection Liquid Eyeliner ,12.99,,,"https://d3t32hsnjxo7q6.cloudfront.net/i/1e27825577015c0144768f2a5d9e9233_ra,w158,h184_pa,w158,h184.jpg",https://well.ca/products/physicians-formula-sexy-booster-cat_102725.html,https://well.ca,"Perfect your cat eye with Physicians Formula Sexy Booster Cat Eye Collection Liquid Eyeliner. It's infused with a warm vanilla fragrance and ingredients including Cocoa Extract that are oh-so sexy!Features: HypoallergenicParaben & Gluten freeDermatologist approvedSafe for sensitive eyes and contact lens wearersDirections: Follow the contour of your eye and line the top lid from inner to outer corner.  At the outer corner of your eye, curve liner upward at the same angle of the outer corner of your brow.Ingredients: Water, Iron Oxides, Butylene Glycol, Stearic Acid, Glyceryl Stearate, Oleyl Alcohol, Fragrance, Acrylates/C10-30 Alkyl Acrylate Crosspolymer, Alumina, Androstadienone, Black 2, Caprylyl Glycol, Cellulose Gum, Epimedium Sagittatum Extract, Ethylhexylglycerin, Glycerin, Hectorite, Hexylene Glycol, Hydroxyethylcellulose, Magnesium Aluminum Silicate, Panthenol, Pregnadienol, Silica, Sorbic Acid, Styrene/Acrylates Copolymer, Theobroma Cacao (Cocoa) Fruit Powder, Tocopheryl Acetate, Triethanolamine, Xanthan Gum, Phenoxyethanol.",,liquid,eyeliner,['Gluten Free'],2016-10-01T18:28:16.184Z,2017-12-23T20:51:23.403Z,https://makeup-api.herokuapp.com/api/v1/products/197.json,//s3.amazonaws.com/donovanbailey/products/api_featured_images/000/000/197/original/data?1514062283,[]
33,196,physicians formula,Physicians Formula Argan Wear Ultra-Nourishing Kohl Kajal Eyeliner,12.99,,,"https://d3t32hsnjxo7q6.cloudfront.net/i/6e912cfe1f08dc802ad241f4adcb36e9_ra,w158,h184_pa,w158,h184.png",https://well.ca/products/physicians-formula-argan-wear_112335.html,https://well.ca,"Luxurious, intense and richly-pigmented kohl kajal eyeliner creates the most dramatic and exotic eye look. Infused with 100% Pure Argan Oil, known as ""liquid gold"" for its ultra-nourishing & conditioning properties. Ultra-creamy eyeliner glides-on effortlessly for dramatic definition and inner rim intensity.Features:High-performance kohl formula is 100% waterproof for color that won't budge or smudge, delivering seamless and glamorous definitionPropel and repel tool allows for easy and fool-proof application and maximum convenience!24 hour wearDirections: Apply at the base of upper lashes and on inside of lower eye rim for ultra-dramatic definition. Ingredients: Triethylhexanoin, Caprylic/Capric Triglyceride, Ozokerite, Copernecia Cerifera (Carnauba) Wax/Cire de Carnauba, Polymethyl Methacrylate, Beeswax/Cire d'abeille, Dipentaerythrityl Tetrahydroxystearate/ Tetraisostearate, Methyl Methacrylate Crosspolymer, Argania Spinosa (Argan) Kernel Oil, Pentaerythrityl Tetra-Di-t-Butyl Hydroxyhydrocinnamate, Dicalcium Phosphate",3.7,liquid,eyeliner,"['Gluten Free', 'Natural']",2016-10-01T18:28:15.341Z,2017-12-23T20:51:23.261Z,https://makeup-api.herokuapp.com/api/v1/products/196.json,//s3.amazonaws.com/donovanbailey/products/api_featured_images/000/000/196/original/open-uri20171223-4-p5h931?1514062283,[]
34,192,physicians formula,Physicians Formula Shimmer Strips Kohl Kajal Eyeliner Trio ,14.79,,,"https://d3t32hsnjxo7q6.cloudfront.net/i/ac56e10c3ae7d7ec6af4c09ac868831b_ra,w158,h184_pa,w158,h184.jpeg",https://well.ca/products/physicians-formula-shimmer-strips_90002.html,https://well.ca,"Physicians Formula's intense and richly pigmented eyeliners are now perfectly paired to create a Nude Look.  Specially developed to line the inner rim of the eyelid, this unique eyeliner form contains a high concentration of pigments for dramatic definition that glides-on effortlessly.Directions: Apply Eyeliner at the base of upper lashes and on inside of lower eye rim for ultra-dramatic definition. Layer shades together for endless looks. Hypoallergenic. Fragrance Free. Paraben Free. Gluten Free. Dermatologist approved. Safe for Sensitive Eyes and Contact Wearers. Ingredients: Hydrogenated Polyisobutene, Beeswax, Caprylic/Capric Glycerides, Synthetic Fluorphlogopite, Silica, Ozokerite, Hydrogenated Coco-Glycerides, Copernicia Cerifera (Carnauba) Wax, Jojoba Esters, Microcrystalline Wax, Aluminum Calcium Sodium Silicate, Dimethicone, Polybutene, Alumina Magnesium Metasilicate, Bisabolol, Calcium Sodium Borosilicate, Caprylyl Glycol, Cetyl Dimethicone, Disteardimonium Hectorite, Panthenyl Ethyl Ether, Tin Oxide, Titanium/Titanium Dioxide, Tocopheryl Acetate, Triethoxycaprylylsilane. May Contain: Aluminum Powder, Bismuth Oxychloride, Carmine, Chromium Oxide Greens, Copper Powder, Ferric Ammonium Ferrocyanide, Ferric Ferrocyanide, Iron Oxides, Manganese Violet, Mica, Titanium Dioxide, Ultramarines, Yellow 5 Lake ",5.0,liquid,eyeliner,['Gluten Free'],2016-10-01T18:28:09.888Z,2017-12-23T20:51:21.808Z,https://makeup-api.herokuapp.com/api/v1/products/192.json,//s3.amazonaws.com/donovanbailey/products/api_featured_images/000/000/192/original/data?1514062281,[]
35,189,physicians formula,Physicians Formula Shimmer Strips Kohl Kajal Eyeliner Trio,14.79,,,"https://d3t32hsnjxo7q6.cloudfront.net/i/98c26c4923f92c11e36f7dbc28e800a9_ra,w158,h184_pa,w158,h184.jpeg",https://well.ca/products/physicians-formula-shimmer-strips_70971.html,https://well.ca,"Physicians Formula Shimmer Strips Kohl Kajal Eyeliner is a Highly 
pigmented eyeliner trio that delivers rich color to create a Nude Look 
for ANY eye color.Features:   Versatile eyeliner for dramatic definition and inner eye rim intensity     Super- smooth gliding texture makes defining eyes effortless  100% Waterproof wearDirections: Apply eyeliner at the base of upper lashes and on inside of lower eye 
rim for ultra-dramatic definition.  Layer shades together for endless 
looks.Ingredients: Hydrogenated Polyisobutene, Beeswax, Caprylic/Capric Glycerides, Silica,
 Ozokerite, Hydrogenated Coco-Glycerides, Copernicia Cerifera (Carnauba)
 Wax, Jojoba Esters, Microcrystalline Wax, Dimethicone, Polybutene, 
Alumina Magnesium Metasilicate, Bisabolol, Caprylyl Glycol, Cetyl 
Dimethicone, Disteardimonium Hectorite, Panthenyl Ethyl Ether, 
Tocopheryl Acetate, Triethoxycaprylylsilane  May Contain:  Aluminum, 
Aluminum Calcium Sodium Silicate, Aluminum Powder, Bismuth Oxychloride, 
Calcium Sodium Borosilicate, Carmine, Chromium Oxide Greens, Ferric 
Ammonium Ferrocyanide, Ferric Ferrocyanide, Iron Oxides, Manganese 
Violet, Mica, Synthetic Fluorphlogopite, Tin Oxide, Titanium Dioxide, 
Titanium/Titanium Dioxide, Ultramarines, Yellow 5Hypoallergenic. Fragrance-free. Paraben-Free. Gluten Free.  
Dermatologist approved. Safe for sensitive eyes and contact lens 
wearers.",5.0,liquid,eyeliner,['Gluten Free'],2016-10-01T18:28:05.122Z,2017-12-23T20:51:21.487Z,https://makeup-api.herokuapp.com/api/v1/products/189.json,//s3.amazonaws.com/donovanbailey/products/api_featured_images/000/000/189/original/data?1514062281,[]
36,173,physicians formula,Physicians Formula Eye Booster Lash Boosting Eyeliner + Serum,14.79,,,"https://d3t32hsnjxo7q6.cloudfront.net/i/74826a1dae74e388480d2c8a30f9eb03_ra,w158,h184_pa,w158,h184.jpeg",https://well.ca/products/physicians-formula-eye-booster-lash_61209.html,https://well.ca,"Eye Booster™ 2-in-1 Lash Boosting Eyeliner + Serum's high-tech formula enhances the appearance of lashes while providing the instant definition of a liquid eyeliner, in one easy step! Lash Boosting complex targets the base of lashes where it is most effective. Innovative and easy to use eyelining tool delivers effortless definition. High-tech Japanese formula is long-wearing, water-resistant and smudge-resistant.Directions for Use: Apply eyeliner at the base of lashes in a fine or bold line. Never apply eyeliner inside the lash line. Keep cap tightly closed to prevent formula from drying out.Ingredients: Water. Ethylhexyl Acrylate/Methyl Methacrylate Copolymer. Butylene Glycol. SD Alcohol 40. Beheneth-30. Ammonium Acrylates/Methyl Styrene/Styrene Copolymer. Glycerin. Myristoyl Pentapeptide-17. 1,2-Hexanediol. Acrylates/Octylacrylamide Copolymer. Caprylyl Glycol. Ethylhexylglycerin. Pentylene Glycol. Polyglyceryl-3 Disiloxane Dimethicone. Phenoxyethanol. Sodium Hydroxide. Disodium EDTA. Black 2.Hypoallergenic. Fragrance free. Paraben free. Dermatologist approved. Safe for sensitive eyes and contact lens wearers.",4.0,liquid,eyeliner,['Gluten Free'],2016-10-01T18:27:45.229Z,2017-12-23T20:51:14.119Z,https://makeup-api.herokuapp.com/api/v1/products/173.json,//s3.amazonaws.com/donovanbailey/products/api_featured_images/000/000/173/original/data?1514062274,"[{'hex_value': '#332A30', 'colour_name': 'Black (7367C) '}, {'hex_value': '#40272B', 'colour_name': 'Deep Brown (7366C) '}, {'hex_value': '#0B0C08', 'colour_name': 'Ultra Black (7365C) '}]"
37,48,physicians formula,Physicians Formula Eye Booster Instant Lash Extension Kit in Ultra Black,19.99,,,"https://d3t32hsnjxo7q6.cloudfront.net/i/16ace93b48cdc67bb76c81eaec10ff45_ra,w158,h184_pa,w158,h184.jpg",https://well.ca/products/physicians-formula-eye-booster_102681.html,https://well.ca,"Get instant brush on lash extensions with this Physicians Formula Eye Booster Instant Lash Extension Kit. It's a total lash transformation!Features: HypoallergenicParaben & Gluten freeDermatologist approvedOphthalmologist testedDirections: Sweep Lash Boosting Mascara to prep for fibers. Brush on extensions to upper lashes while mascara is still wet to instantly build lashes. Reapply Lash Boosting Mascara to seal and set extensions.Ingredients: Mascara: Water, Beeswax, Iron Oxides, Copernicia Cerifera (Carnauba) Wax, PVP, Cyclopentasiloxane, Glyceryl Stearate, Propylene Glycol Stearate SE, Cyclohexasiloxane, Stearic Acid, Triethanolamine, Oleic Acid, Polybutene, Phenoxyethanol, Myristoyl Pentapeptide-17, Glycerin, Panthenol, Magnesium Aluminum Silicate, Cellulose Gum, Tocopheryl Acetate, Simethicone, Tetrasodium EDTA. Extensions: Cellulose, Panthenol, Cynara Scolymus (Artichoke) Leaf Extract, Ocimum Basilicum (Basil) Leaf Extract, Tocopherol.Experience a total lash transformationExperience a total lash transformati",4.6,,mascara,['Gluten Free'],2016-10-01T18:11:41.267Z,2017-12-23T20:50:54.214Z,https://makeup-api.herokuapp.com/api/v1/products/48.json,//s3.amazonaws.com/donovanbailey/products/api_featured_images/000/000/048/original/data?1514062254,[]
38,39,physicians formula,Physicians Formula Organic Wear CC Curl + Care Mascara ,15.79,,,"https://d3t32hsnjxo7q6.cloudfront.net/i/91995140b7749badeb17c41a7e035354_ra,w158,h184_pa,w158,h184.jpeg",https://well.ca/products/physicians-formula-organic-wear-cc_90023.html,https://well.ca,The ​1st ever 100% natural mascara with 70% organic ingredients combines the benefits of curl and care for eyelash curler results without the risk of lash loss.  Innovative formula features Physicians Formula's proprietary 100% Natural Origin CurlBooster™ Technology for 2 levels of CC Performance: Curl & Volumize Lashes Condition & Nourish LashesHypoallergenic. Fragrance Free. Gluten Free. Opthalmologist Approved. 100% Free of Harsh Chemicals. 100% Free of Synthetic Preservatives. 100% Free of Parabens. 100% Free of GMO's (Genetically Modified Organisms). 100% Free of Synthetic Colors. ,3.2,,mascara,"['Natural', 'Gluten Free']",2016-10-01T18:11:31.316Z,2017-12-23T20:50:53.163Z,https://makeup-api.herokuapp.com/api/v1/products/39.json,//s3.amazonaws.com/donovanbailey/products/api_featured_images/000/000/039/original/data?1514062253,"[{'hex_value': '#1B1B1B', 'colour_name': 'Black '}, {'hex_value': '#000000', 'colour_name': 'Ultra Black '}]"
39,28,physicians formula,Physicians Formula Organic Wear Jumbo Lash Mascara,15.79,,,"https://d3t32hsnjxo7q6.cloudfront.net/i/f0aa3e9c67743493c5caf4ecccccf57a_ra,w158,h184_pa,w158,h184.jpeg",https://well.ca/products/physicians-formula-organic-wear_58516.html,https://well.ca,"Physicians Formula Organic Wear Jumbo Lash Mascara gives you 100% Dramatic Volume & Glamour. Additional Features: 100% of the Total Ingredients are from Natural Origin.  47% of the Total Ingredients are from Organic Farming.  OrganiSoy Moisturizes and helps nourish lashes.  Eco-Olive a natural antioxidant, shields lashes from harsh environmental aggressors. Directions for Use: Sweep mascara brush from lash base to tips. Apply multiple coats for 
added volume. Can easily be washed off with soap and water or removed 
with Physicians Formula Eye Makeup Remover Pads or Lotions.Ingredients: Citrus Aurantium Dulcis (Orange) Fruit Water.* Glycerin. Iron Oxide. 
Microcrystalline Cellulose. Glyceryl Stearate. Water. Beeswax.* Jojoba 
Esters. Tapioca Starch.* Copernicia Cerifera (Carnauba) Wax.* Stearic 
Acid.  Glyceryl Caprylate. Aloe Barbadensis Leaf Juice.* Cellulose Gum. 
Cucumis Sativus (Cucumber) Fruit Extract.* Glycine Soya (Soybean) Oil.* 
Hydrolyzed Oryza Sativa (Rice) Protein. Leuconostoc/Radish Root Ferment 
Filtrate. Magnesium Aluminum Silicate. Olea Europaea (Olive) Leaf 
Extract.* May Contain: Titanium Dioxide.Hypoallergenic. Fragrance free. Opthamologist approved.",3.1,,mascara,"['Natural', 'Gluten Free']",2016-10-01T18:11:18.662Z,2017-12-23T20:31:51.643Z,https://makeup-api.herokuapp.com/api/v1/products/28.json,//s3.amazonaws.com/donovanbailey/products/api_featured_images/000/000/028/original/open-uri20171223-4-11qf6jz?1514061111,"[{'hex_value': '#000000', 'colour_name': 'Ultra Black Organics '}, {'hex_value': '#282828', 'colour_name': 'Black Organics '}]"
40,15,physicians formula,Physicians Formula Organic Wear 100% Natural Origin Mascara,15.79,,,"https://d3t32hsnjxo7q6.cloudfront.net/i/78e3d20b744ec40691dd7357c9db6dd3_ra,w158,h184_pa,w158,h184.jpeg",https://well.ca/products/physicians-formula-organic-wear-100_58518.html,https://well.ca,"Physicians Formula Organic Wear 100% Natural Origin Mascara's revolutionary 100% Natural Origin formula contains the purest 
ingredients and provides 5x Lash Boosting for lash length, volume & 
definition naturally. 100% Recyclable Eco-Brush defines each lash with ultra-soft plastic bristles. 100% Free of Harsh Chemicals, Synthetic Preservatives, Parabens, Clumping, Smudging, Flaking, Fibers & Dyes.Directions for Use: Sweep mascara brush from lash base to tips. Apply multiple coats for added volume.Ingredients: Citrus Aurantium Dulcis (Orange) Fruit Water*, Glycerin, 
Iron Oxide, Microcrystalline Cellulose, Glyceryl Stearate, Water, 
Beeswax*,  Jojoba Esters, Tapioca Starch*, Copernicia Cerifera 
(Carnauba) Wax*, Stearic Acid, Glyceryl Caprylate, Aloe Barbadensis Leaf
 Juice*, Cellulose Gum, Cucumis Sativus (Cucumber) Fruit Extract*,  
Glycine Soya (Soybean) Oil*, Hydrolyzed Oryza Sativa (Rice) Protein, 
Leuconostoc/Radish Root Ferment Filtrate, Magnesium Aluminum Silicate, 
Olea Europaea (Olive) Leaf Extract*. May Contain: Titanium Dioxide  
*Produced from Organic Farming.Hypoallergenic.  Safe for Sensitive Eyes and Contact Lens Wearers.",4.0,,mascara,"['Gluten Free', 'Natural']",2016-10-01T18:11:03.194Z,2017-12-23T20:31:49.843Z,https://makeup-api.herokuapp.com/api/v1/products/15.json,//s3.amazonaws.com/donovanbailey/products/api_featured_images/000/000/015/original/data?1514061109,"[{'hex_value': '#000000', 'colour_name': 'Ultra Black Organics (1062C) '}, {'hex_value': '#282828', 'colour_name': 'Black Organics (1063C) '}]"
41,4,physicians formula,Physicians Formula Organic Wear FakeOut Mascara,15.79,,,"https://d3t32hsnjxo7q6.cloudfront.net/i/2b3d5588b073bfae89c6308dcfe96436_ra,w158,h184_pa,w158,h184.jpeg",https://well.ca/products/physicians-formula-organic-wear_70944.html,https://well.ca,"Physicians Formula Organic Wear FakeOut Mascara is the 1st EVER mascara with 100% natural origin lash extension fibers for the full-on fringe of false lashes without irritation.The innovative formula amplifies lash volume, length & curl. Plus the oversized brush creates a fabulously false lash effect instantly!Features:  100% of the Total Ingredients are from Natural Origin  70% of the Total Ingredients are from Organic FarmingDirections: Sweep mascara brush from lash base to tips. Apply multiple coats for added volume.Ingredients: Citrus Aurantium Dulcis (Orange) Fruit Water*, Glycerin*, Glyceryl 
Stearate SE, Beeswax*, Microcrystalline Cellulose, Copernicia Cerifera 
(Carnauba) Wax*, Tapioca Starch*, Hydrolyzed Corn Starch, Stearic Acid, 
Jojoba Esters, Oryza Sativa (Rice) Powder*, Oryza Sativa (Rice) 
Extract*, Ceiba Pentandra Fiber Powder, Cellulose, Nylon-10/10, Aloe 
Barbadensis Leaf Extract*, Cucumis Sativus (Cucumber) Fruit Extract*, 
Glycine Soja (Soybean) Oil*, Olea Europaea (Olive) Leaf Extract*, 
Glycerin, Magnesium Aluminum Silicate, Water, Glyceryl Caprylate, 
Leuconostoc / Radish Root Ferment Filtrate May Contain: Iron Oxides, 
Titanium Dioxide* Ingredients from Organic FarmingHypoallergenic.  Fragrance Free. Safe for Sensitive Eyes and Contact Lens Wearers.  Ophthalmologist Approved.",3.9,,mascara,"['Natural', 'Gluten Free']",2016-10-01T18:10:51.387Z,2017-12-23T20:31:47.075Z,https://makeup-api.herokuapp.com/api/v1/products/4.json,//s3.amazonaws.com/donovanbailey/products/api_featured_images/000/000/004/original/open-uri20171223-4-a405lz?1514061107,"[{'hex_value': '#000000', 'colour_name': 'Ultra Black (7883C) '}, {'hex_value': '#2d2d2d', 'colour_name': 'Black (7884C) '}]"
42,3,physicians formula,Physicians Formula Organic Wear Lash Boosting Mascara,15.79,,,"https://d3t32hsnjxo7q6.cloudfront.net/i/ca3136ce9bff5df45b34b25b3bbf99aa_ra,w158,h184_pa,w158,h184.jpeg",https://well.ca/products/physicians-formula-organic-wear-lash_58514.html,https://well.ca,"Physicians Formula Organic Wear Lash Boosting Mascara is the 1st Ever 100% Natural Lash Boosting formula enhances the appearance of 
lash length, thickness and volume for dramatic lashes instantly and 
long-term.Additional Features:100% of the Total Ingredients are from Natural Origin.  44% of the Total Ingredients are from Organic Farming.  100% saw enhanced lashes INSTANLY!Delivers ingredients to the base of lashes for  best results!93% saw thicker & longer looking lashes instantly!  92% saw 
extended & fuller looking lashes after 4 weeks!  *Based on 
individual perception of results of a panel of women wearing Organic 
Wear Lash Boosting Mascara.Directions for Use: Sweep mascara brush from lash base to tips. Apply multiple coats for 
added volume. Can easily be washed off with soap and water or removed 
with Physicians Formula Eye Makeup Remover Pads or Lotions.Ingredients: Citrus Aurantium Dulcis (Orange) Fruit Water *, Glycerin, Iron Oxides, 
Microcrystalline Cellulose, Glyceryl Stearate SE, Water, Lactobacillus 
Bulgaricus Ferment Filtrate, Beeswax *, Jojoba Esters, Copernicia 
Cerifera (Carnauba) Wax *, Tapioca Starch *, Stearic Acid, Glyceryl 
Caprylate, Aloe Barbadensis Leaf Juice *, Cellulose Gum, Cucumis Sativus
 (Cucumber) Fruit Extract *, Glycine Soja (Soybean) Oil *, Hydrolyzed 
Oryza Sativa (Rice) Protein, Magnesium Aluminum Silicate, Olea Europaea 
(Olive) Leaf Extract *, Saccharomyces/Copper Ferment, Saccharomyces/Iron
 Ferment, Saccharomyces/Magnesium Ferment, Saccharomyces/Silicon 
Ferment, Saccharomyces/Zinc Ferment, Leuconostoc/Aloe Barbadensis 
Leaf/Sorbus Aucuparia Fruit Ferment Filtrate, Leuconostoc/Radish Root 
Ferment Filtrate, Populus Tremuloides Bark Extract, Citric Acid  May 
Contain: Titanium DioxideHypoallergenic. Fragrance free. Ophthalmologist approved.  Gluten Free.",3.7,,mascara,"['Natural', 'Gluten Free']",2016-10-01T18:10:50.417Z,2017-12-23T20:31:46.951Z,https://makeup-api.herokuapp.com/api/v1/products/3.json,//s3.amazonaws.com/donovanbailey/products/api_featured_images/000/000/003/original/open-uri20171223-4-1naf0qv?1514061106,"[{'hex_value': '#000000', 'colour_name': 'Ultra Black Organics (7561C) '}, {'hex_value': '#282828', 'colour_name': 'Black Organics (7562C) '}]"
